DROP TABLE "BUILDING" CASCADE CONSTRAINTS;                      
DROP TABLE "CREDENTIALS" CASCADE CONSTRAINTS;                   
DROP TABLE "MAIL" CASCADE CONSTRAINTS;                          
DROP TABLE "POSTMASTERS" CASCADE CONSTRAINTS;                   
DROP TABLE "POSTALCODE" CASCADE CONSTRAINTS;                    
DROP TABLE "SCHEDULE" CASCADE CONSTRAINTS;                      
DROP TABLE "CARRIER" CASCADE CONSTRAINTS;                       
DROP TABLE "CLERK" CASCADE CONSTRAINTS;                         
DROP TABLE "ROUTES" CASCADE CONSTRAINTS;    
DROP TABLE "VEHICLES" CASCADE CONSTRAINTS;                      
DROP TABLE "VEHICLESTATUS" CASCADE CONSTRAINTS;                 
DROP TABLE "EMPLOYEES" CASCADE CONSTRAINTS;
SELECT 'DROP TABLE "' || table_name || '" CASCADE CONSTRAINTS;' FROM user_tables;
SELECT 'TRUNCATE TABLE "' || table_name || '";' FROM user_tables;



/*Insert mock data in proper order */
insert into Routes (RouteId, RouteName, LastDelivered, RouteStatus) values (RouteIdSequence.NEXTVAL, 'nonummy', to_date('2016-04-28', 'yyyy-mm-dd'), 'Incomplete');
insert into Routes (RouteId, RouteName, LastDelivered, RouteStatus) values (RouteIdSequence.NEXTVAL, 'libero', to_date('2016-04-28', 'yyyy-mm-dd'), 'Completed');
insert into Routes (RouteId, RouteName, LastDelivered, RouteStatus) values (RouteIdSequence.NEXTVAL, 'morbi', to_date('2016-04-28', 'yyyy-mm-dd'), 'Incomplete');
insert into Routes (RouteId, RouteName, LastDelivered, RouteStatus) values (RouteIdSequence.NEXTVAL, 'parturient', to_date('2016-04-28', 'yyyy-mm-dd'), 'Incomplete');
insert into Routes (RouteId, RouteName, LastDelivered, RouteStatus) values (RouteIdSequence.NEXTVAL, 'morbi', to_date('2016-04-28', 'yyyy-mm-dd'), 'Completed');
insert into Routes (RouteId, RouteName, LastDelivered, RouteStatus) values (RouteIdSequence.NEXTVAL, 'donec', to_date('2016-04-28', 'yyyy-mm-dd'), 'Completed');
insert into Routes (RouteId, RouteName, LastDelivered, RouteStatus) values (RouteIdSequence.NEXTVAL, 'augue', to_date('2016-04-28', 'yyyy-mm-dd'), 'Completed');
insert into Routes (RouteId, RouteName, LastDelivered, RouteStatus) values (RouteIdSequence.NEXTVAL, 'semper', to_date('2016-04-28', 'yyyy-mm-dd'), 'Incomplete');
insert into Routes (RouteId, RouteName, LastDelivered, RouteStatus) values (RouteIdSequence.NEXTVAL, 'et', to_date('2016-04-28', 'yyyy-mm-dd'), 'Incomplete');
insert into Routes (RouteId, RouteName, LastDelivered, RouteStatus) values (RouteIdSequence.NEXTVAL, 'id', to_date('2016-04-28', 'yyyy-mm-dd'), 'Incomplete');
insert into Routes (RouteId, RouteName, LastDelivered, RouteStatus) values (RouteIdSequence.NEXTVAL, 'curabitur', to_date('2016-04-28', 'yyyy-mm-dd'), 'Incomplete');
insert into Routes (RouteId, RouteName, LastDelivered, RouteStatus) values (RouteIdSequence.NEXTVAL, 'magna', to_date('2016-04-28', 'yyyy-mm-dd'), 'Completed');
insert into Routes (RouteId, RouteName, LastDelivered, RouteStatus) values (RouteIdSequence.NEXTVAL, 'molestie', to_date('2016-04-28', 'yyyy-mm-dd'), 'Completed');
insert into Routes (RouteId, RouteName, LastDelivered, RouteStatus) values (RouteIdSequence.NEXTVAL, 'fringilla', to_date('2016-04-28', 'yyyy-mm-dd'), 'Incomplete');
insert into Routes (RouteId, RouteName, LastDelivered, RouteStatus) values (RouteIdSequence.NEXTVAL, 'nec', to_date('2016-04-28', 'yyyy-mm-dd'), 'Incomplete');
insert into Routes (RouteId, RouteName, LastDelivered, RouteStatus) values (RouteIdSequence.NEXTVAL, 'non', to_date('2016-04-28', 'yyyy-mm-dd'), 'Completed');
insert into Routes (RouteId, RouteName, LastDelivered, RouteStatus) values (RouteIdSequence.NEXTVAL, 'odio', to_date('2016-04-28', 'yyyy-mm-dd'), 'Completed');
insert into Routes (RouteId, RouteName, LastDelivered, RouteStatus) values (RouteIdSequence.NEXTVAL, 'donec', to_date('2016-04-28', 'yyyy-mm-dd'), 'Completed');
insert into Routes (RouteId, RouteName, LastDelivered, RouteStatus) values (RouteIdSequence.NEXTVAL, 'adipiscing', to_date('2016-04-28', 'yyyy-mm-dd'), 'Completed');
insert into Routes (RouteId, RouteName, LastDelivered, RouteStatus) values (RouteIdSequence.NEXTVAL, 'tempus', to_date('2016-04-28', 'yyyy-mm-dd'), 'Incomplete');

insert into VehicleStatus (VehicleStatusId, Name) values ('AVAIL', 'AVAILABLE');
insert into VehicleStatus (VehicleStatusId, Name) values ('DECOM', 'DE-COMMISSIONED');
insert into VehicleStatus (VehicleStatusId, Name) values ('INUSE', 'IN-USE');

insert into Vehicles (VehicleID, PlateNo, VehicleStatusId) values (VehicleIdSequence.NEXTVAL, 'E8E FE6', 'INUSE');
insert into Vehicles (VehicleID, PlateNo, VehicleStatusId) values (VehicleIdSequence.NEXTVAL, 'A2A CD3', 'AVAIL');
insert into Vehicles (VehicleID, PlateNo, VehicleStatusId) values (VehicleIdSequence.NEXTVAL, 'B6A CC1', 'AVAIL');
insert into Vehicles (VehicleID, PlateNo, VehicleStatusId) values (VehicleIdSequence.NEXTVAL, 'B8B CE2', 'INUSE');
insert into Vehicles (VehicleID, PlateNo, VehicleStatusId) values (VehicleIdSequence.NEXTVAL, 'D2A FA6', 'INUSE');
insert into Vehicles (VehicleID, PlateNo, VehicleStatusId) values (VehicleIdSequence.NEXTVAL, 'E7D AA7', 'INUSE');
insert into Vehicles (VehicleID, PlateNo, VehicleStatusId) values (VehicleIdSequence.NEXTVAL, 'E3B EB4', 'AVAIL');
insert into Vehicles (VehicleID, PlateNo, VehicleStatusId) values (VehicleIdSequence.NEXTVAL, 'D2A DF8', 'DECOM');
insert into Vehicles (VehicleID, PlateNo, VehicleStatusId) values (VehicleIdSequence.NEXTVAL, 'F1B FF2', 'AVAIL');
insert into Vehicles (VehicleID, PlateNo, VehicleStatusId) values (VehicleIdSequence.NEXTVAL, 'F4F DE2', 'AVAIL');
insert into Vehicles (VehicleID, PlateNo, VehicleStatusId) values (VehicleIdSequence.NEXTVAL, 'B5D EE9', 'AVAIL');
insert into Vehicles (VehicleID, PlateNo, VehicleStatusId) values (VehicleIdSequence.NEXTVAL, 'A8C BE6', 'AVAIL');
insert into Vehicles (VehicleID, PlateNo, VehicleStatusId) values (VehicleIdSequence.NEXTVAL, 'B9D EF7', 'DECOM');
insert into Vehicles (VehicleID, PlateNo, VehicleStatusId) values (VehicleIdSequence.NEXTVAL, 'D1A AE5', 'DECOM');
insert into Vehicles (VehicleID, PlateNo, VehicleStatusId) values (VehicleIdSequence.NEXTVAL, 'D9C BC6', 'DECOM');
insert into Vehicles (VehicleID, PlateNo, VehicleStatusId) values (VehicleIdSequence.NEXTVAL, 'E0F CD3', 'DECOM');
insert into Vehicles (VehicleID, PlateNo, VehicleStatusId) values (VehicleIdSequence.NEXTVAL, 'C3A FF3', 'DECOM');
insert into Vehicles (VehicleID, PlateNo, VehicleStatusId) values (VehicleIdSequence.NEXTVAL, 'E3A CF5', 'INUSE');
insert into Vehicles (VehicleID, PlateNo, VehicleStatusId) values (VehicleIdSequence.NEXTVAL, 'D4E DD1', 'AVAIL');
insert into Vehicles (VehicleID, PlateNo, VehicleStatusId) values (VehicleIdSequence.NEXTVAL, 'E8E CA6', 'INUSE');

insert into Schedule (ScheduleId, StartTime, EndTime) values (ScheduleIdSequence.NEXTVAL, '9:20 AM', '6:41 PM');
insert into Schedule (ScheduleId, StartTime, EndTime) values (ScheduleIdSequence.NEXTVAL, '9:10 AM', '6:30 PM');
insert into Schedule (ScheduleId, StartTime, EndTime) values (ScheduleIdSequence.NEXTVAL, '8:04 AM', '6:28 PM');
insert into Schedule (ScheduleId, StartTime, EndTime) values (ScheduleIdSequence.NEXTVAL, '8:26 AM', '6:50 PM');
insert into Schedule (ScheduleId, StartTime, EndTime) values (ScheduleIdSequence.NEXTVAL, '9:35 AM', '5:31 PM');
insert into Schedule (ScheduleId, StartTime, EndTime) values (ScheduleIdSequence.NEXTVAL, '8:08 AM', '6:51 PM');
insert into Schedule (ScheduleId, StartTime, EndTime) values (ScheduleIdSequence.NEXTVAL, '9:11 AM', '6:01 PM');
insert into Schedule (ScheduleId, StartTime, EndTime) values (ScheduleIdSequence.NEXTVAL, '9:23 AM', '5:40 PM');
insert into Schedule (ScheduleId, StartTime, EndTime) values (ScheduleIdSequence.NEXTVAL, '8:55 AM', '6:48 PM');
insert into Schedule (ScheduleId, StartTime, EndTime) values (ScheduleIdSequence.NEXTVAL, '8:20 AM', '6:16 PM');
insert into Schedule (ScheduleId, StartTime, EndTime) values (ScheduleIdSequence.NEXTVAL, '8:58 AM', '6:33 PM');
insert into Schedule (ScheduleId, StartTime, EndTime) values (ScheduleIdSequence.NEXTVAL, '8:48 AM', '5:37 PM');
insert into Schedule (ScheduleId, StartTime, EndTime) values (ScheduleIdSequence.NEXTVAL, '9:01 AM', '5:04 PM');
insert into Schedule (ScheduleId, StartTime, EndTime) values (ScheduleIdSequence.NEXTVAL, '8:28 AM', '6:20 PM');
insert into Schedule (ScheduleId, StartTime, EndTime) values (ScheduleIdSequence.NEXTVAL, '8:37 AM', '6:24 PM');
insert into Schedule (ScheduleId, StartTime, EndTime) values (ScheduleIdSequence.NEXTVAL, '9:37 AM', '5:22 PM');
insert into Schedule (ScheduleId, StartTime, EndTime) values (ScheduleIdSequence.NEXTVAL, '8:20 AM', '6:00 PM');
insert into Schedule (ScheduleId, StartTime, EndTime) values (ScheduleIdSequence.NEXTVAL, '8:27 AM', '5:43 PM');
insert into Schedule (ScheduleId, StartTime, EndTime) values (ScheduleIdSequence.NEXTVAL, '8:11 AM', '5:41 PM');
insert into Schedule (ScheduleId, StartTime, EndTime) values (ScheduleIdSequence.NEXTVAL, '9:53 AM', '6:16 PM');


insert into Employees (EmployeeId, Role, Firstname, Lastname, Phone, Email, Availability, ScheduleId) values (PmIdSequence.NEXTVAL, 'PostMaster', 'Raimund', 'Stegell', '86-(938)743-3259', 'rstegell0@wikimedia.org', 'OFFDUTY', 'S12');			
insert into Employees (EmployeeId, Role, Firstname, Lastname, Phone, Email, Availability, ScheduleId) values (PmIdSequence.NEXTVAL, 'PostMaster', 'Auberon', 'Davidai', '86-(215)159-3756', 'adavidai1@salon.com', 'SICK', 'S13');
insert into Employees (EmployeeId, Role, Firstname, Lastname, Phone, Email, Availability, ScheduleId) values (ClIdSequence.NEXTVAL, 'Clerk', 'Marcus', 'Risman', '86-(184)781-5870', 'mrisman2@tripadvisor.com', 'ONVACATION', 'S1');
insert into Employees (EmployeeId, Role, Firstname, Lastname, Phone, Email, Availability, ScheduleId) values (ClIdSequence.NEXTVAL, 'Clerk', 'Jacquette', 'Provest', '63-(704)823-0421', 'jprovest3@spiegel.de', 'SICK', 'S11');
insert into Employees (EmployeeId, Role, Firstname, Lastname, Phone, Email, Availability, ScheduleId) values (CaIdSequence.NEXTVAL, 'Carrier', 'Nat', 'Lovelady', '86-(707)193-6390', 'nlovelady4@unblog.fr', 'AVAILABLE', 'S5');				
insert into Employees (EmployeeId, Role, Firstname, Lastname, Phone, Email, Availability, ScheduleId) values (CaIdSequence.NEXTVAL, 'Carrier', 'Amitie', 'O''Flaherty', '7-(515)466-0530', 'aoflaherty5@tiny.cc', 'SICK', 'S12');		
insert into Employees (EmployeeId, Role, Firstname, Lastname, Phone, Email, Availability, ScheduleId) values (ClIdSequence.NEXTVAL, 'Clerk', 'Pattin', 'Abramovic', '963-(816)508-6897', 'pabramovic6@mit.edu', 'ONDUTY', 'S20');				
insert into Employees (EmployeeId, Role, Firstname, Lastname, Phone, Email, Availability, ScheduleId) values (ClIdSequence.NEXTVAL, 'Clerk', 'Charo', 'Murty', '86-(258)583-7795', 'cmurty7@weebly.com', 'SICK', 'S8');				
insert into Employees (EmployeeId, Role, Firstname, Lastname, Phone, Email, Availability, ScheduleId) values (ClIdSequence.NEXTVAL, 'Clerk', 'Gavra', 'Pascho', '385-(475)798-8943', 'gpascho8@scientificamerican.com', 'AVAILABLE', 'S20');
insert into Employees (EmployeeId, Role, Firstname, Lastname, Phone, Email, Availability, ScheduleId) values (CaIdSequence.NEXTVAL, 'Carrier', 'Claiborne', 'Tatterton', '1-(988)856-7976', 'ctatterton9@loc.gov', 'ONDUTY', 'S2');
insert into Employees (EmployeeId, Role, Firstname, Lastname, Phone, Email, Availability, ScheduleId) values (CaIdSequence.NEXTVAL, 'Carrier', 'Sheelah', 'Perotti', '249-(791)753-4945', 'sperottia@biglobe.ne.jp', 'ONVACATION', 'S3');
insert into Employees (EmployeeId, Role, Firstname, Lastname, Phone, Email, Availability, ScheduleId) values (CaIdSequence.NEXTVAL, 'Carrier', 'Ella', 'Mulloch', '380-(742)608-5800', 'emullochb@addthis.com', 'ONVACATION', 'S6');
insert into Employees (EmployeeId, Role, Firstname, Lastname, Phone, Email, Availability, ScheduleId) values (ClIdSequence.NEXTVAL, 'Clerk', 'Dori', 'Creavin', '1-(814)946-4389', 'dcreavinc@eepurl.com', 'SICK', 'S7');	
insert into Employees (EmployeeId, Role, Firstname, Lastname, Phone, Email, Availability, ScheduleId) values (ClIdSequence.NEXTVAL, 'Clerk', 'Jaimie', 'Blainey', '241-(955)139-7698', 'jblaineyd@yandex.ru', 'AVAILABLE', 'S9');
insert into Employees (EmployeeId, Role, Firstname, Lastname, Phone, Email, Availability, ScheduleId) values (ClIdSequence.NEXTVAL, 'Clerk', 'Cordy', 'Huckabe', '86-(443)495-6420', 'chuckabee@washingtonpost.com', 'SICK', 'S15');	
insert into Employees (EmployeeId, Role, Firstname, Lastname, Phone, Email, Availability, ScheduleId) values (CaIdSequence.NEXTVAL, 'Carrier', 'Rodie', 'Vasilyevski', '86-(970)260-4925', 'rvasilyevskif@desdev.cn', 'SICK', 'S18');		
insert into Employees (EmployeeId, Role, Firstname, Lastname, Phone, Email, Availability, ScheduleId) values (CaIdSequence.NEXTVAL, 'Carrier', 'Gallard', 'Scotchmer', '86-(677)355-2760', 'gscotchmerg@nyu.edu', 'SICK', 'S8');			
insert into Employees (EmployeeId, Role, Firstname, Lastname, Phone, Email, Availability, ScheduleId) values (CaIdSequence.NEXTVAL, 'Carrier', 'Sonny', 'Bevans', '49-(179)649-2641', 'sbevansh@shop-pro.jp', 'ONVACATION', 'S2');			
insert into Employees (EmployeeId, Role, Firstname, Lastname, Phone, Email, Availability, ScheduleId) values (CaIdSequence.NEXTVAL, 'Carrier', 'Brander', 'Sciacovelli', '33-(275)680-7989', 'bsciacovellii@bloomberg.com', 'ONDUTY', 'S3');
insert into Employees (EmployeeId, Role, Firstname, Lastname, Phone, Email, Availability, ScheduleId) values (CaIdSequence.NEXTVAL, 'Carrier', 'Boyd', 'Lineen', '7-(171)990-4715', 'blineenj@facebook.com', 'OFFDUTY', 'S4');

insert into Postalcode (PostalCode, DeliveryAddress) values ('H2M 0T1', '52 Lillian Crossing');
insert into Postalcode (PostalCode, DeliveryAddress) values ('H3V 5W3', '85 Merry Plaza');
insert into Postalcode (PostalCode, DeliveryAddress) values ('H6T 7V6', '0 Burrows Terrace');
insert into Postalcode (PostalCode, DeliveryAddress) values ('H3M 7M2', '34490 Sunfield Park');
insert into Postalcode (PostalCode, DeliveryAddress) values ('H4M 5J0', '1511 Florence Point');
insert into Postalcode (PostalCode, DeliveryAddress) values ('H3J 5W7', '8745 Carpenter Trail');
insert into Postalcode (PostalCode, DeliveryAddress) values ('H3W 5W6', '42 Warner Terrace');
insert into Postalcode (PostalCode, DeliveryAddress) values ('H5M 5T8', '6709 Northland Junction');
insert into Postalcode (PostalCode, DeliveryAddress) values ('H6W 3J0', '367 Jackson Center');
insert into Postalcode (PostalCode, DeliveryAddress) values ('H3W 0J4', '7 Service Point');
insert into Postalcode (PostalCode, DeliveryAddress) values ('H3M 5M3', '432 Eastlawn Crossing');
insert into Postalcode (PostalCode, DeliveryAddress) values ('H4V 9J1', '64 Cascade Avenue');
insert into Postalcode (PostalCode, DeliveryAddress) values ('H5V 4V1', '85345 Arrowood Circle');
insert into Postalcode (PostalCode, DeliveryAddress) values ('H6J 3J3', '3 Eliot Crossing');
insert into Postalcode (PostalCode, DeliveryAddress) values ('H3W 5M4', '5 Londonderry Street');
insert into Postalcode (PostalCode, DeliveryAddress) values ('H3W 5V5', '07631 Doe Crossing Pass');
insert into Postalcode (PostalCode, DeliveryAddress) values ('H2M 0J1', '97 Mitchell Hill');
insert into Postalcode (PostalCode, DeliveryAddress) values ('H3J 5M2', '79494 Hanson Road');
insert into Postalcode (PostalCode, DeliveryAddress) values ('H3T 5M8', '38 Granby Way');
insert into Postalcode (PostalCode, DeliveryAddress) values ('H2M 0V1', '77 Bunting Road');
insert into Postalcode (PostalCode, DeliveryAddress) values ('H6W 3W9', '73395 Algoma Place');
insert into Postalcode (PostalCode, DeliveryAddress) values ('H3J 5J8', '5008 Delaware Trail');
insert into Postalcode (PostalCode, DeliveryAddress) values ('H3T 5W3', '19 4th Point');
insert into Postalcode (PostalCode, DeliveryAddress) values ('H6M 7M6', '7 Northfield Park');
insert into Postalcode (PostalCode, DeliveryAddress) values ('H5W 6T0', '0466 Roth Court');

insert into Mail (MailID, RouteId, Registration, PostalCode, ReturnAddress, DeliveryAddress, Weight, TotalPostage, DeliveryStatus, SenderName, ReceiverName) values (MailIdSequence.NEXTVAL, 'R1', 'Unregistered', 'H2M 0T1', '', '1467 Menomonie Hill', 0, 242, 'DELIVERED', 'Corbie Rusbridge', 'Kylie Garvan');
insert into Mail (MailID, RouteId, Registration, PostalCode, ReturnAddress, DeliveryAddress, Weight, TotalPostage, DeliveryStatus, SenderName, ReceiverName) values (MailIdSequence.NEXTVAL, 'R2', 'Registered',   'H3V 5W3', '', '16508 Service Crossing', 2, 362, 'DELIVERED', 'Tades Judron', 'Francene Griss');
insert into Mail (MailID, RouteId, Registration, PostalCode, ReturnAddress, DeliveryAddress, Weight, TotalPostage, DeliveryStatus, SenderName, ReceiverName) values (MailIdSequence.NEXTVAL, 'R9', 'Registered',   'H6T 7V6', '898 Jana Hill', '70486 Coleman Street', 0, 412, 'DELIVERED', 'Salvatore Arnowicz', 'Billie Filchagin');
insert into Mail (MailID, RouteId, Registration, PostalCode, ReturnAddress, DeliveryAddress, Weight, TotalPostage, DeliveryStatus, SenderName, ReceiverName) values (MailIdSequence.NEXTVAL, 'R8', 'Registered',   'H3M 7M2', '3 Menomonie Drive', '77 Oxford Lane', 2, 493, 'DELIVERED', 'Ashely Breinlein', 'Nydia Pozer');
insert into Mail (MailID, RouteId, Registration, PostalCode, ReturnAddress, DeliveryAddress, Weight, TotalPostage, DeliveryStatus, SenderName, ReceiverName) values (MailIdSequence.NEXTVAL, 'R7', 'Registered',   'H4M 5J0', '108 Mitchell Avenue','77 Oxford Lane', 0, 177, 'UNDELIVERABLE', 'Blythe Wolford', 'Werner Postles');
insert into Mail (MailID, RouteId, Registration, PostalCode, ReturnAddress, DeliveryAddress, Weight, TotalPostage, DeliveryStatus, SenderName, ReceiverName) values (MailIdSequence.NEXTVAL, 'R6', 'Unregistered', 'H3J 5W7', '', '4187 Buhler Pass', 1, 66, 'UNDELIVERABLE', 'Rolfe Shillingford', 'Fabe Kondratenko');
insert into Mail (MailID, RouteId, Registration, PostalCode, ReturnAddress, DeliveryAddress, Weight, TotalPostage, DeliveryStatus, SenderName, ReceiverName) values (MailIdSequence.NEXTVAL, 'R4', 'Unregistered', 'H3W 5W6', '', '0 Sherman Trail', 2, 322, 'UNDELIVERABLE', 'Marley Aizikov', 'Libbie Entres');
insert into Mail (MailID, RouteId, Registration, PostalCode, ReturnAddress, DeliveryAddress, Weight, TotalPostage, DeliveryStatus, SenderName, ReceiverName) values (MailIdSequence.NEXTVAL, 'R12', 'Registered',   'H5M 5T8', '4859 Shelley Point', '409 Bay Plaza', 0, 161, 'DELIVERED', 'Sarina Pitceathly', 'Ivette Barnewelle');
insert into Mail (MailID, RouteId, Registration, PostalCode, ReturnAddress, DeliveryAddress, Weight, TotalPostage, DeliveryStatus, SenderName, ReceiverName) values (MailIdSequence.NEXTVAL, 'R11', 'Unregistered', 'H6W 3J0', '', '34718 Transport Way', 0, 28, 'UNDELIVERABLE', 'Adaline Mantripp', 'Athene Strongitharm');
insert into Mail (MailID, RouteId, Registration, PostalCode, ReturnAddress, DeliveryAddress, Weight, TotalPostage, DeliveryStatus, SenderName, ReceiverName) values (MailIdSequence.NEXTVAL, 'R20', 'Unregistered', 'H3W 0J4', '', '2 Myrtle Circle', 0, 161, 'UNDELIVERABLE', 'Grady Leap', 'Brooks Buesnel');
insert into Mail (MailID, RouteId, Registration, PostalCode, ReturnAddress, DeliveryAddress, Weight, TotalPostage, DeliveryStatus, SenderName, ReceiverName) values (MailIdSequence.NEXTVAL, 'R19', 'Registered',   'H3M 5M3', '2 Sloan Alley', '2684 Schiller Avenue', 1, 294, 'DELIVERED', 'Layton Kiehnlt', 'Cassaundra Briggs');
insert into Mail (MailID, RouteId, Registration, PostalCode, ReturnAddress, DeliveryAddress, Weight, TotalPostage, DeliveryStatus, SenderName, ReceiverName) values (MailIdSequence.NEXTVAL, 'R18', 'Registered',   'H5V 4V1', '06999 Bluejay Center', '861 Lien Circle', 2, 337, 'DELIVERED', 'Carma Whylie', 'Moe Olliffe');
insert into Mail (MailID, RouteId, Registration, PostalCode, ReturnAddress, DeliveryAddress, Weight, TotalPostage, DeliveryStatus, SenderName, ReceiverName) values (MailIdSequence.NEXTVAL, 'R17', 'Registered',   'H6J 3J3', '08 Laurel Way', '03 Acker Junction', 0, 82, 'DELIVERED', 'Carma Whylie', 'Moe Olliffe');
insert into Mail (MailID, RouteId, Registration, PostalCode, ReturnAddress, DeliveryAddress, Weight, TotalPostage, DeliveryStatus, SenderName, ReceiverName) values (MailIdSequence.NEXTVAL, 'R14', 'Registered',   'H3W 5M4', '4018 Dakota Terrace', '75344 Marquette Terrace', 0, 351, 'DELIVERED', 'Eve Sutheran', 'Aristotle Weeden');
insert into Mail (MailID, RouteId, Registration, PostalCode, ReturnAddress, DeliveryAddress, Weight, TotalPostage, DeliveryStatus, SenderName, ReceiverName) values (MailIdSequence.NEXTVAL, 'R16', 'Unregistered', 'H3W 5V5', '', '65143 Victoria Street', 2, 419, 'UNDELIVERABLE', 'Millard Pawsey', 'Darrin Jendas');
insert into Mail (MailID, RouteId, Registration, PostalCode, ReturnAddress, DeliveryAddress, Weight, TotalPostage, DeliveryStatus, SenderName, ReceiverName) values (MailIdSequence.NEXTVAL, 'R15', 'Unregistered', 'H2M 0J1', '', '001 Portage Trail', 2, 483, 'DELIVERED', 'Wilfrid Dunhill', 'Juli Johannesson');
insert into Mail (MailID, RouteId, Registration, PostalCode, ReturnAddress, DeliveryAddress, Weight, TotalPostage, DeliveryStatus, SenderName, ReceiverName) values (MailIdSequence.NEXTVAL, 'R14', 'Registered',   'H3J 5M2', '8 Village Road', '36 Waubesa Parkway', 1, 378, 'DELIVERED', 'Tuckie Lockton', 'Wally Onion');
insert into Mail (MailID, RouteId, Registration, PostalCode, ReturnAddress, DeliveryAddress, Weight, TotalPostage, DeliveryStatus, SenderName, ReceiverName) values (MailIdSequence.NEXTVAL, 'R13', 'Registered',   'H3T 5M8', '2462 Ruskin Court', '08 Laurel Way', 2, 157, 'UNDELIVERABLE', 'Giffie Wykey', 'Chrystal Younghusband');
insert into Mail (MailID, RouteId, Registration, PostalCode, ReturnAddress, DeliveryAddress, Weight, TotalPostage, DeliveryStatus, SenderName, ReceiverName) values (MailIdSequence.NEXTVAL, 'R12', 'Unregistered', 'H2M 0V1', '', '2115 Linden Circle', 0, 60, 'UNDELIVERABLE', 'Yvor Cubbini', 'Andriana Gullifant');
insert into Mail (MailID, RouteId, Registration, PostalCode, ReturnAddress, DeliveryAddress, Weight, TotalPostage, DeliveryStatus, SenderName, ReceiverName) values (MailIdSequence.NEXTVAL, 'R1', 'Unregistered', 'H6W 3W9', '', '7075 Sullivan Lane', 1, 239, 'DELIVERED', 'Mohandis Brader', 'Freeman Daintrey');

UPDATE SCHEDULE SET SCHEDULEID = 'S1' WHERE SCHEDULEID = 'HOLYSHITTHISWORKS';